TABLE_NAME,COLUMN_NAME,DATA_TYPE
AcademicDegrees,TenantId,int
AcademicDegrees,Id,int
AcademicDegrees,Major,nvarchar
AcademicDegrees,University,nvarchar
AcademicDegrees,Notes,nvarchar
AcademicDegrees,EmployeeId,int
AcademicDegrees,AcademicDegreeTypeId,int
AcademicDegrees,GradeId,int
AcademicDegrees,DegreeDate,datetime
AcademicDegreeTypes,TenantId,int
AcademicDegreeTypes,Id,int
AcademicDegreeTypes,ArabicName,nvarchar
AcademicDegreeTypes,EnglishName,nvarchar
Activities,TenantId,int
Activities,Id,int
Activities,Name,nvarchar
Activities,Code,nvarchar
Activities,ItemId,int
Activities,Effect,float
Activities,ItemEquationId,int
Activities,ValueActivityId,int
Activities,IsSingleRecord,bit
ActivityAlerts,TenantId,int
ActivityAlerts,Id,int
ActivityAlerts,ActivityId,int
ActivityAlerts,AlertTypes,int
Addresses,TenantId,int
Addresses,Id,int
Addresses,AddressText,nvarchar
Addresses,POBox,nvarchar
Addresses,ZipCode,nvarchar
Addresses,AddressType,nvarchar
Addresses,DistrictId,int
Addresses,EmployeeId,int
AppraisalGrades,TenantId,int
AppraisalGrades,Id,int
AppraisalGrades,From,float
AppraisalGrades,To,float
AppraisalGrades,Description,nvarchar
AppraisalGrades,ArabicName,nvarchar
AppraisalGrades,EnglishName,nvarchar
AppraisalSchedules,TenantId,int
AppraisalSchedules,Id,int
AppraisalSchedules,Period,int
AppraisalSchedules,Start,varchar
AppraisalSchedules,Duration,int
AppVersions,Id,int
AppVersions,ReleaseTitle,nvarchar
AppVersions,ReleaseDate,datetime
AppVersions,ReleaseArabic,nvarchar
AppVersions,ReleaseEnglish,nvarchar
AppVersions,ReleaseApp,int
AppVersions,TenantId,int
AspNetRoles,Id,nvarchar
AspNetRoles,Name,nvarchar
AspNetRoles,Description,nvarchar
AspNetRoles,Action,tinyint
AspNetRoles,Discriminator,nvarchar
AspNetUserClaims,Id,int
AspNetUserClaims,UserId,nvarchar
AspNetUserClaims,ClaimType,nvarchar
AspNetUserClaims,ClaimValue,nvarchar
AspNetUserLogins,UserId,nvarchar
AspNetUserLogins,LoginProvider,nvarchar
AspNetUserLogins,ProviderKey,nvarchar
AspNetUserRoles,UserId,nvarchar
AspNetUserRoles,RoleId,nvarchar
AspNetUsers,Id,nvarchar
AspNetUsers,UserName,nvarchar
AspNetUsers,PasswordHash,nvarchar
AspNetUsers,SecurityStamp,nvarchar
AspNetUsers,LegacyPasswordHash,nvarchar
AspNetUsers,LoweredUserName,nvarchar
AspNetUsers,MobileAlias,nvarchar
AspNetUsers,IsAnonymous,bit
AspNetUsers,LastActivityDate,datetime2
AspNetUsers,MobilePIN,nvarchar
AspNetUsers,Email,nvarchar
AspNetUsers,LoweredEmail,nvarchar
AspNetUsers,PasswordQuestion,nvarchar
AspNetUsers,PasswordAnswer,nvarchar
AspNetUsers,IsApproved,bit
AspNetUsers,IsLockedOut,bit
AspNetUsers,CreateDate,datetime2
AspNetUsers,LastLoginDate,datetime2
AspNetUsers,LastPasswordChangedDate,datetime2
AspNetUsers,LastLockoutDate,datetime2
AspNetUsers,FailedPasswordAttemptCount,int
AspNetUsers,FailedPasswordAttemptWindowStart,datetime2
AspNetUsers,FailedPasswordAnswerAttemptCount,int
AspNetUsers,FailedPasswordAnswerAttemptWindowStart,datetime2
AspNetUsers,Comment,ntext
AspNetUsers,EmailConfirmed,bit
AspNetUsers,PhoneNumber,nvarchar
AspNetUsers,PhoneNumberConfirmed,bit
AspNetUsers,TwoFactorEnabled,bit
AspNetUsers,LockoutEndDateUtc,datetime
AspNetUsers,LockoutEnabled,bit
AspNetUsers,AccessFailedCount,int
AspNetUsers,FirstLoginDate,datetime2
AspNetUsers,IsEnabled,bit
AspNetUsers,IsAdmin,bit
AspNetUsers,UserType,tinyint
BalanceSettlements,TenantId,int
BalanceSettlements,Id,int
BalanceSettlements,Action,tinyint
BalanceSettlements,Balance,float
BalanceSettlements,Date,date
BalanceSettlements,VacationBalanceId,int
BalanceSettlements,BalanceBefore,float
BalanceSettlements,TotalBalanceBefore,float
BalanceSettlements,LastDate,date
BalanceSettlements,EmployeeActivityId,int
Banks,TenantId,int
Banks,Id,int
Banks,ArabicName,nvarchar
Banks,EnglishName,nvarchar
BodyDetails,TenantId,int
BodyDetails,Id,int
BodyDetails,height,float
BodyDetails,weight,float
BodyDetails,ChestWidth,float
BodyDetails,HeightHarmonyId,int
BodyDetails,WeightHarmonyId,int
BodyDetails,SkinColorId,int
Branches,TenantId,int
Branches,Id,int
Branches,ArabicName,nvarchar
Branches,EnglishName,nvarchar
Branches,BankId,int
Branches,Adress,nvarchar
Branches,SwiftCode,nvarchar
CIBBanks,TenantId,int
CIBBanks,Id,int
CIBBanks,Narrative,nvarchar
CIBBanks,Currency,nvarchar
CIBBanks,CreditorBICCode,nvarchar
CIBBanks,AccountNumber,nvarchar
CIBBanks,AccountName,nvarchar
CitizensIdentifications,TenantId,int
CitizensIdentifications,Id,int
CitizensIdentifications,NationalId,nvarchar
CitizensIdentifications,EndDate,date
CitizensIdentifications,PassportNumber,nvarchar
CitizensIdentifications,PassportEndDate,date
CompanyInfo,TenantId,int
CompanyInfo,Id,int
CompanyInfo,Name,nvarchar
CompanyInfo,Commercialrecord,nvarchar
CompanyInfo,Taxcard,nvarchar
CompanyInfo,officailName,nvarchar
CompanyInfo,LogoPath,nvarchar
CompanyInfo,HasLogo,bit
CompanyInfo,InfoJson,nvarchar
CompanyInfo,EmployeesCount,int
CompanyLegalInfo,TenantId,int
CompanyLegalInfo,Id,int
CompanyLegalInfo,CompanyName,nvarchar
CompanyLegalInfo,CompanyInsuranceNumber,nvarchar
CompanyLegalInfo,CommercialRecordNumber,nvarchar
CompanyLegalInfo,CommercialRecordProcessNumber,nvarchar
CompanyLegalInfo,InsuranceOfficeName,nvarchar
CompanyLegalInfo,OwnerName,nvarchar
CompanyLegalInfo,CompanyLegalForm,nvarchar
CompanyLegalInfo,Governorate,nvarchar
CompanyLegalInfo,Department,nvarchar
CompanyLegalInfo,Village,nvarchar
CompanyLegalInfo,StreetName,nvarchar
CompanyLegalInfo,BuildingNumber,nvarchar
CompanyLegalInfo,SickPercent,int
CompanyLegalInfo,SickStartDate,datetime
CompanyLegalInfo,InjuryPercent,int
CompanyLegalInfo,InjuryStartDate,datetime
CompanyLegalInfo,StopDate,datetime
CompanyLegalInfo,StopReason,nvarchar
CompanyLegalInfo,ResumeDate,datetime
Contacts,TenantId,int
Contacts,Id,int
Contacts,Notes,nvarchar
Contacts,ContactText,nvarchar
Contacts,ContactTypeId,int
Contacts,EmployeeId,int
ContactTypes,TenantId,int
ContactTypes,Id,int
ContactTypes,ArabicName,nvarchar
ContactTypes,EnglishName,nvarchar
Contracts,TenantId,int
Contracts,Id,int
Contracts,StartDate,datetime
Contracts,EndDate,datetime
Contracts,EndReason,nvarchar
Contracts,CreateDate,datetime
Contracts,UserName,nvarchar
Contracts,EmployeeId,int
Contracts,Notes,nvarchar
Contracts,IsPending,bit
Contracts,AlertsHandled,bit
Contracts,SignOff,bit
Contracts,SettleDues,bit
Contracts,AssignItems,bit
Countries,TenantId,int
Countries,Id,int
Countries,ArabicName,nvarchar
Countries,EnglishName,nvarchar
Countries,ISOCode,nvarchar
CRMActivities,Id,int
CRMActivities,Action,nvarchar
CRMActivities,Date,date
CRMActivities,By,nvarchar
CRMActivities,Result,nvarchar
CRMActivities,CustomerId,int
CRMActivities,Done,bit
CRMBackups,TenantId,int
CRMBackups,BackUpDbEvery,smallint
CRMBackups,LastDbBackupDate,datetime
CRMBackups,BackupFilesEvery,smallint
CRMBackups,LastFilesBackupDate,datetime
CRMContacts,Id,int
CRMContacts,Name,nvarchar
CRMContacts,Role,nvarchar
CRMContacts,Email,nvarchar
CRMContacts,Phone,nvarchar
CRMContacts,Notes,nvarchar
CRMContacts,Blog,bit
CRMContacts,CustomerId,int
CRMCustomers,Id,int
CRMCustomers,CompanyName,nvarchar
CRMCustomers,Country,nvarchar
CRMCustomers,State,nvarchar
CRMCustomers,Address,nvarchar
CRMCustomers,CreatedDate,datetime
CRMCustomers,Email,nvarchar
CRMCustomers,Mobile,nvarchar
CRMCustomers,CompanyField,nvarchar
CRMCustomers,Admin,nvarchar
CRMCustomers,RegistrationReasonId,int
CRMCustomers,OtherRegistrationReason,nvarchar
CRMCustomers,KnowUsFrom,int
CRMCustomers,Tag,nvarchar
CRMCustomers,Name,nvarchar
CRMCustomers,Paying,bit
CRMCustomers,TenantName,nvarchar
CRMCustomers,TenantId,int
CRMCustomers,ExpirationDate,datetime
CRMCustomers,UsersNumber,int
CRMCustomers,Status,int
CRMCustomers,SalesMan,nvarchar
CRMCustomers,Channels,int
CRMCustomers,Password,nvarchar
CRMCustomers,JobTitle,tinyint
CRMCustomers,ModulePriority,nvarchar
CRMCustomers,DecisionMaking,bit
CRMCustomers,EgyptionCompany,bit
CRMPayments,Id,int
CRMPayments,CustomerId,int
CRMPayments,Date,datetime
CRMPayments,Duration,int
CRMPayments,Currency,int
CRMPayments,Method,int
CRMPayments,Amount,money
CRMPayments,Rate,decimal
CRMPayments,Notes,nvarchar
CRMStages,Id,int
CRMStages,StatusId,int
CRMStages,Owner,nvarchar
CRMStatuses,Id,int
CRMStatuses,Title,nvarchar
Custodies,TenantId,int
Custodies,Id,int
Custodies,Code,nvarchar
Custodies,Description,nvarchar
Custodies,Status,int
Custodies,OtherStatus,nvarchar
Custodies,Value,int
Custodies,ItemId,int
Custodies,CustodyTypeId,int
Custodies,Available,bit
CustodyTypes,TenantId,int
CustodyTypes,Id,int
CustodyTypes,ArabicName,nvarchar
CustodyTypes,EnglishName,nvarchar
CustodyTypes,Category,int
CustodyTypes,OtherType,nvarchar
CustomFunctions,Id,int
CustomFunctions,EnglishName,nvarchar
CustomFunctions,ArabicName,nvarchar
CustomFunctions,Value,nvarchar
CustomFunctions,ArabicDescription,ntext
CustomFunctions,EnglishDescription,ntext
Defendants,TenantId,int
Defendants,Id,int
Defendants,InvestigationId,int
Defendants,EmployeeId,int
Delegations,TenantId,int
Delegations,Id,int
Delegations,EmployeeId,int
Delegations,DepartmentId,int
Delegations,JobTitleId,int
Delegations,StartDate,datetime
Delegations,EndDate,datetime
Delegations,ModifiedBy,nvarchar
Delegations,ModifiedDate,datetime
Delegations,ReplacedEmployeeId,int
Delegations,UserType,tinyint
DepartmentJobTitles,TenantId,int
DepartmentJobTitles,Id,int
DepartmentJobTitles,DepartmentId,int
DepartmentJobTitles,JobTitleId,int
DepartmentJobTitles,Number,int
DepartmentJobTitles,IsHead,bit
Departments,TenantId,int
Departments,Id,int
Departments,ArabicName,nvarchar
Departments,EnglishName,nvarchar
Departments,DepartmentTypeId,int
Departments,ParentId,int
Departments,IsHidden,bit
DepartmentTypes,TenantId,int
DepartmentTypes,Id,int
DepartmentTypes,ArabicName,nvarchar
DepartmentTypes,EnglishName,nvarchar
Districts,TenantId,int
Districts,Id,int
Districts,ArabicName,nvarchar
Districts,EnglishName,nvarchar
Districts,GovernrateId,int
Documents,TenantId,int
Documents,Id,int
Documents,SubmitDate,datetime
Documents,Required,bit
Documents,Received,bit
Documents,DocumentTypeId,int
Documents,EmployeeId,int
Documents,Note,nvarchar
DocumentTypes,TenantId,int
DocumentTypes,Id,int
DocumentTypes,ArabicName,nvarchar
DocumentTypes,EnglishName,nvarchar
DocumentTypes,Required,bit
DocumentTypes,IsHiring,bit
DocumentTypes,Type,tinyint
DrivingLicenses,TenantId,int
DrivingLicenses,Id,int
DrivingLicenses,Number,nvarchar
DrivingLicenses,ReleaseDate,datetime
DrivingLicenses,ExpirationDate,datetime
DrivingLicenses,ViewPublication,nvarchar
DrivingLicenses,LicenseTypeId,int
EdaraTenants,TenantId,int
EdaraTenants,Token,nvarchar
Emails,TenantId,int
Emails,Id,int
Emails,Host,nvarchar
Emails,Port,int
Emails,EmailAddress,nvarchar
Emails,Password,nvarchar
Emails,SslEnabled,bit
Emails,SendGrid,bit
EmployeeActivities,TenantId,int
EmployeeActivities,Id,int
EmployeeActivities,ActivityId,int
EmployeeActivities,Value,float
EmployeeActivities,ExecutionDate,datetime
EmployeeActivities,Comment,nvarchar
EmployeeActivities,CreateDate,datetime
EmployeeActivities,UserName,nvarchar
EmployeeActivities,EmployeeId,int
EmployeeActivities,SalaryItemId,int
EmployeeActivities,ValueToCalculate,float
EmployeeActivities,Tag,nvarchar
EmployeeActivities,LoanId,int
EmployeeActivities,ValueActivityId,int
EmployeeAppraisals,TenantId,int
EmployeeAppraisals,Id,int
EmployeeAppraisals,Start,datetime
EmployeeAppraisals,End,datetime
EmployeeAppraisals,Value,float
EmployeeAppraisals,EmployeeId,int
EmployeeAppraisals,EmployeeEvaluationTemplateId,int
EmployeeAppraisals,Duration,nvarchar
EmployeeAppraisals,Feedback,nvarchar
EmployeeAppraisals,DevPlan,nvarchar
EmployeeBanks,TenantId,int
EmployeeBanks,Id,int
EmployeeBanks,BranchId,int
EmployeeBanks,AccountNum,nvarchar
EmployeeBanks,PplSoftId,nvarchar
EmployeeBanks,AccountType,nvarchar
EmployeeCodes,TenantId,int
EmployeeCodes,Id,int
EmployeeCodes,Length,tinyint
EmployeeCodes,Prefix,nvarchar
EmployeeCustodies,TenantId,int
EmployeeCustodies,Id,int
EmployeeCustodies,EmployeeId,int
EmployeeCustodies,CustodyId,int
EmployeeCustodies,DeliveryDate,datetime
EmployeeCustodies,DateOfReceipt,datetime
EmployeeCustodies,EmployeeActivityId,int
EmployeeEvaluations,TenantId,int
EmployeeEvaluations,Id,int
EmployeeEvaluations,EmployeeId,int
EmployeeEvaluations,EvaluationTemplateId,int
EmployeeEvaluations,TotalEvaluationValue,float
EmployeeEvaluations,IsActive,bit
EmployeeEvaluations,FlgStatus,bit
EmployeeEvaluationTemplates,TenantId,int
EmployeeEvaluationTemplates,Id,int
EmployeeEvaluationTemplates,From,datetime
EmployeeEvaluationTemplates,IsActive,bit
EmployeeEvaluationTemplates,Employees,nvarchar
EmployeeEvaluationTemplates,EvaluationTemplateId,int
EmployeeFaceIds,TenantId,int
EmployeeFaceIds,Id,int
EmployeeFaceIds,ImageUrl,varchar
EmployeeFaceIds,IsApproved,bit
EmployeeFaceIds,MasterFaceId,uniqueidentifier
EmployeeFaceIds,FacePersonId,uniqueidentifier
EmployeeFaceIds,FacePersonGroupId,nvarchar
EmployeeFaceIds,Status,tinyint
EmployeeFaceIds,RecognitionModel,nvarchar
EmployeeGroupsEmployees,TenantId,int
EmployeeGroupsEmployees,EmployeeId,int
EmployeeGroupsEmployees,EmployeeGroupId,int
EmployeeInsurances,TenantId,int
EmployeeInsurances,Id,int
EmployeeInsurances,EmployeeId,int
EmployeeInsurances,SocialNumber,nvarchar
EmployeeInsurances,Type,nvarchar
EmployeeInsurances,RegisterDate,datetime
EmployeeInsurances,BasicSalary,float
EmployeeInsurances,RegisterSalary,float
EmployeeInsurances,TotalSalary,float
EmployeeInsurances,MonthlyPercentage,float
EmployeeInsurances,QualificationName,nvarchar
EmployeeInsurances,Code1,nvarchar
EmployeeInsurances,Code2,nvarchar
EmployeeInsurances,JobTitle,nvarchar
EmployeeInsurances,Nationality,int
EmployeeInsurances,NationalId,nvarchar
EmployeeInsurances,PassportNumber,nvarchar
EmployeeInsurances,PermitStatus,int
EmployeeInsurances,PermitNumber,nvarchar
EmployeeInsurances,WorkingDuration,int
EmployeeItems,TenantId,int
EmployeeItems,Id,int
EmployeeItems,ItemId,int
EmployeeItems,EquationId,int
EmployeeItems,Value,float
EmployeeItems,EmployeeId,int
EmployeeItems,ExpenseAccount,int
EmployeeItems,AccrualAccount,int
EmployeeItems,CostCenter,int
EmployeeJobs,TenantId,int
EmployeeJobs,Id,int
EmployeeJobs,Code,varchar
EmployeeJobs,ArabicName,nvarchar
EmployeeJobs,EnglishName,nvarchar
EmployeeJobs,Email,nvarchar
EmployeeJobs,Status,tinyint
EmployeeJobs,UserName,nvarchar
EmployeeJobs,NationalId,nvarchar
EmployeeJobs,HasImage,bit
EmployeeJobs,ActualWorkingDate,datetime
EmployeeJobs,DepartmentId,int
EmployeeJobs,DepartmentArabicName,nvarchar
EmployeeJobs,DepartmentEnglishName,nvarchar
EmployeeJobs,JobTitleId,int
EmployeeJobs,JobTitleArabicName,nvarchar
EmployeeJobs,JobTitleEnglishName,nvarchar
EmployeeJobs,IsHead,bit
EmployeeLocations,TenantId,int
EmployeeLocations,EmployeeId,int
EmployeeLocations,LocationId,int
EmployeeLocations,StartDate,date
EmployeeLocations,EndDate,date
EmployeeMultiPlans,TenantId,int
EmployeeMultiPlans,Id,int
EmployeeMultiPlans,EmployeeId,int
EmployeeMultiPlans,PlanId,int
EmployeeMultiPlans,FromDate,datetime
EmployeeMultiPlans,ToDate,datetime
EmployeeMultiPlans,ModifiedDate,datetime
EmployeeMultiPlans,ModifiedBy,nvarchar
EmployeePlans,TenantId,int
EmployeePlans,Id,int
EmployeePlans,FromDate,datetime
EmployeePlans,ToDate,datetime
EmployeePlans,EmployeeId,int
EmployeePlans,PlanId,int
EmployeePortal,TenantId,int
EmployeePortal,Id,int
EmployeeRequestReviewCycles,TenantId,int
EmployeeRequestReviewCycles,EmployeeId,int
EmployeeRequestReviewCycles,RequestReviewCycleId,int
EmployeeRequests,Id,int
EmployeeRequests,EmployeeId,int
EmployeeRequests,RequestTypeId,int
EmployeeRequests,TenantId,int
Employees,TenantId,int
Employees,Id,int
Employees,ModifiedDate,datetime
Employees,Email,nvarchar
Employees,Active,bit
Employees,UserName,nvarchar
Employees,PicPath,nvarchar
Employees,NationalId,nvarchar
Employees,ModifiedBy,nvarchar
Employees,BirthDate,datetime
Employees,ArabicFirstName,nvarchar
Employees,ArabicSecondName,nvarchar
Employees,ArabicFamilyName,nvarchar
Employees,EnglishFirstName,nvarchar
Employees,EnglishSecondName,nvarchar
Employees,EnglishFamilyName,nvarchar
Employees,BloodGroup,nchar
Employees,MaritalDate,datetime
Employees,Code,nvarchar
Employees,SubjectToInsurance,bit
Employees,SocialId,nvarchar
Employees,MaritalStatusId,int
Employees,ReligionId,int
Employees,GenderId,int
Employees,CountryId,int
Employees,ExtendedData,nvarchar
Employees,Phone,nvarchar
Employees,EmergencyNumber,nvarchar
Employees,EmployeeBankId,int
Employees,OtherReligion,nvarchar
Employees,Notes,nvarchar
Employees,IsTrusted,bit
Employees,HasEpAccount,bit
Employees,HasImage,bit
Employees,ArabicName,nvarchar
Employees,EnglishName,nvarchar
Employees,EssPassword,nchar
Employees,WowDeskId,int
Employees,IsSuspended,bit
EmployeesDashboard,TenantId,int
EmployeesDashboard,Id,int
EmployeesDashboard,EmployeesCount,int
EmployeesDashboard,SystemHealth,float
EmployeesDashboard,EmployeeStored,int
EmployeesDashboard,EmployeePercentage,float
EmployeesDashboard,UndeliverdDoc,int
EmployeesDashboard,BasicData,varchar
EmployeesDashboard,JobData,varchar
EmployeesDashboard,TurnoverMeter3Mon,float
EmployeesDashboard,TurnoverMeter6Mon,float
EmployeesDashboard,TurnoverMeter12Mon,float
EmployeesDashboard,LeavingEmployeesCount3,int
EmployeesDashboard,LeavingEmployeesCount12,int
EmployeesDashboard,NewEmployeesCount12,int
EmployeesDashboard,Vacancy,int
EmployeesDashboard,JobTitleCount,int
EmployeesDashboard,Citizens,float
EmployeesDashboard,BirthDateThisMonth,int
EmployeesDashboard,LastUpdate,datetime
EmployeeServices,TenantId,int
EmployeeServices,Id,int
EmployeeServices,EmployeeId,int
EmployeeServices,Service,nvarchar
EmployeeServices,Notes,nvarchar
EmployeeServices,BeforeDiscount,decimal
EmployeeServices,AfterDiscount,decimal
EmployeeServices,CreatedDate,datetime
EmployeeServices,EmployeeProviderId,int
EmployeeServices,ServiceProviderId,int
EmployeesGroups,TenantId,int
EmployeesGroups,Id,int
EmployeesGroups,ArabicName,nvarchar
EmployeesGroups,EnglishName,nvarchar
EmployeesGroups,GroupTypes,int
EmployeeTimeTables,TenantId,int
EmployeeTimeTables,EmployeeId,int
EmployeeTimeTables,PlanDetailId,int
EmployeeTimeTables,Date,date
Equations,TenantId,int
Equations,Id,int
Equations,Name,nvarchar
Equations,Code,nvarchar
Equations,Text,nvarchar
Equations,ItemId,int
Equations,ExcOrder,int
Equations,Type,nvarchar
Equations,IsDefault,bit
Equations,Description,nvarchar
Equations,IsArchived,bit
EssSettings,TenantId,int
EssSettings,Id,int
EssSettings,EnableEssEmployeeEdit,bit
EssSettings,PrintAttendance,bit
EssSettings,EnableTimeSheet,bit
EssSettings,FinancialRequestId,int
EssSettings,OnlyByDayVacation,bit
Evaluations,TenantId,int
Evaluations,Id,int
Evaluations,EmployeeEvaluationId,int
Evaluations,KPIId,int
Evaluations,FromDate,datetime
Evaluations,EvaluationValue,float
Evaluations,PercentageWeight,float
Evaluations,ToDate,datetime
EvaluationTemplateKPIs,TenantId,int
EvaluationTemplateKPIs,EvaluationTemplateId,int
EvaluationTemplateKPIs,KPIId,int
EvaluationTemplateKPIs,Weight,float
EvaluationTemplates,TenantId,int
EvaluationTemplates,Id,int
EvaluationTemplates,Code,int
EvaluationTemplates,ArabicName,nvarchar
EvaluationTemplates,EnglishName,nvarchar
EvaluationTemplates,Period,int
EvaluationTemplates,Type,tinyint
EvaluationTemplates,Description,nvarchar
EvaluationTemplates,IsActive,bit
EvaluationTemplates,Categories,nvarchar
Evaluators,TenantId,int
Evaluators,Id,int
Evaluators,EmployeeId,int
Evaluators,JobTitleId,int
Evaluators,DepartmentId,int
Evaluators,Boss,int
Evaluators,Order,tinyint
Evaluators,Kpis,nvarchar
Evaluators,EmployeeEvaluationTemplateId,int
Events,TenantId,int
Events,Id,int
Events,EventName,nvarchar
Events,EventRec,int
Events,EventDate,datetime
Events,FontColor,nvarchar
Events,BackgroundColor,nvarchar
Events,EventNameEn,nvarchar
Experiences,TenantId,int
Experiences,Id,int
Experiences,PreviousPosition,nvarchar
Experiences,StartDate,datetime
Experiences,EndDate,datetime
Experiences,Organization,nvarchar
Experiences,Notes,nvarchar
Experiences,EmployeeId,int
ExperienceValues,TenantId,int
ExperienceValues,Id,int
ExperienceValues,Value,float
ExperienceValues,Year,int
ExperienceValues,RankId,int
ExtraWorkings,TenantId,int
ExtraWorkings,Id,int
ExtraWorkings,DurationFrom,nchar
ExtraWorkings,DurationTo,nchar
ExtraWorkings,Hours,int
ExtraWorkings,FormDeliveryDate,datetime
ExtraWorkings,Date,datetime
ExtraWorkings,EmployeeId,int
ExtraWorkings,ExtraWorkingTimeId,int
ExtraWorkingTimes,TenantId,int
ExtraWorkingTimes,Id,int
ExtraWorkingTimes,ArabicName,nvarchar
ExtraWorkingTimes,EnglishName,nvarchar
FamilyMembers,TenantId,int
FamilyMembers,Id,int
FamilyMembers,ArabicName,nvarchar
FamilyMembers,BirthDate,datetime
FamilyMembers,EmployeeId,int
FamilyMembers,RelationTypeId,int
FamilyMembers,MaritalStatus,nvarchar
FamilyMembers,EnglishName,nvarchar
FamilyMembers,IdNumber,varchar
FamilyMembers,RelationDate,date
FamilyMembers,CountryId,int
Files,TenantId,int
Files,Id,int
Files,Path,nvarchar
Files,IsDocument,bit
Files,EmployeeId,int
Files,DocumentTypeId,int
Files,IsAttached,bit
Footers,TenantId,int
Footers,Id,int
Footers,ArabicTemplate,nvarchar
Footers,EnglishTemplate,nvarchar
FormalVacations,TenantId,int
FormalVacations,Id,int
FormalVacations,StartDate,datetime
FormalVacations,Title,nvarchar
FormalVacations,EndDate,datetime
FormalVacations,IsAllDay,bit
FormalVacations,StartTime,time
FormalVacations,EndTime,time
FormDataHistories,TenantId,int
FormDataHistories,Id,int
FormDataHistories,Url,nvarchar
FormDataHistories,FormData,ntext
FormDataHistories,Username,nvarchar
Genders,TenantId,int
Genders,Id,int
Genders,ArabicName,nvarchar
Genders,EnglishName,nvarchar
Governrates,TenantId,int
Governrates,Id,int
Governrates,ArabicName,nvarchar
Governrates,EnglishName,nvarchar
Governrates,CountryId,int
Grades,TenantId,int
Grades,Id,int
Grades,ArabicName,nvarchar
Grades,EnglishName,nvarchar
HeightHarmonies,TenantId,int
HeightHarmonies,Id,int
HeightHarmonies,ArabicName,nvarchar
HeightHarmonies,EnglishName,nvarchar
HireTypes,TenantId,int
HireTypes,Id,int
HireTypes,ArabicName,nvarchar
HireTypes,EnglishName,nvarchar
Holidays,TenantId,int
Holidays,Id,int
Holidays,ArabicName,nvarchar
Holidays,BDate,datetime
Holidays,Days,int
Holidays,EnglishName,nvarchar
HSBCSettings,TenantId,int
HSBCSettings,Id,int
HSBCSettings,PaymentType,nvarchar
HSBCSettings,DebitAccountNumber,nvarchar
HSBCSettings,DebitAccountCountry,nvarchar
HSBCSettings,DebitAccountCurrency,nvarchar
HSBCSettings,TransactionCurrency,nvarchar
HSBCSettings,BeneCountryCode,nvarchar
HSBCSettings,SecondPartyReference,nvarchar
HSBCSettings,LCCCode,nvarchar
Identifications,TenantId,int
Identifications,Id,int
Identifications,ResidenceNumber,nvarchar
Identifications,PassportNumber,nvarchar
Identifications,ResidenceEndDate,datetime
Identifications,PassportEndDate,datetime
Identities,TenantId,int
Identities,Id,int
Identities,TableName,nvarchar
Identities,TableId,int
ImportantDates,TenantId,int
ImportantDates,Id,int
ImportantDates,EventName,nvarchar
ImportantDates,DateTime,datetime
ImportantDates,EmployeeId,int
ImportantDates,SystemCalender,bit
ImportantDates,EmployeePortal,bit
InsuranceDocuments,TenantId,int
InsuranceDocuments,Id,int
InsuranceDocuments,InstitutionNumber,int
InsuranceDocuments,Area,nvarchar
InsuranceDocuments,Office,nvarchar
InsuranceDocuments,InstitutionName,nvarchar
InsuranceDocuments,Owner,nvarchar
InsuranceDocuments,DirectorInCharge,nvarchar
InsuranceDocuments,PropertyID,int
InsuranceDocuments,StreetName,nvarchar
InsuranceDocuments,Xiahe,nvarchar
InsuranceDocuments,Village,nvarchar
InsuranceDocuments,Section,nvarchar
InsuranceDocuments,Station,nvarchar
InsuranceDocuments,Governorate,nvarchar
InsuranceDocuments,StopDate,datetime
InsuranceDocuments,ContinueDate,datetime
InsuranceDocuments,StopReason,nvarchar
InsuranceDocuments,StartActivity,nvarchar
InsuranceDocuments,InstitutionLegalForm,nvarchar
InsuranceEmployeeSalaries,TenantId,int
InsuranceEmployeeSalaries,Id,int
InsuranceEmployeeSalaries,EmployeeId,int
InsuranceEmployeeSalaries,BasicItemId,int
InsuranceEmployeeSalaries,SubscriptionItemId,int
InsuranceEmployeeSalaries,TotalItemId,int
InsuranceEmployeeSalaries,BasicValue,decimal
InsuranceEmployeeSalaries,SubscriptionValue,decimal
InsuranceEmployeeSalaries,TotalValue,decimal
InsuranceLimits,Id,int
InsuranceLimits,Year,int
InsuranceLimits,MinBasicSalary,float
InsuranceLimits,MaxBasicSalary,float
InsuranceLimits,MinSubscriptionFee,float
InsuranceLimits,MaxSubscriptionFee,float
InsuranceLimits,RetirementAge,int
InsuranceLimits,LastModifiedDate,datetime
InsuranceOfficeEmployees,TenantId,int
InsuranceOfficeEmployees,Id,int
InsuranceOfficeEmployees,EmployeeId,int
InsuranceOfficeEmployees,InsuranceOfficeId,int
InsuranceOffices,TenantId,int
InsuranceOffices,Id,int
InsuranceOffices,OfficeName,nvarchar
Insurances,TenantId,int
Insurances,Id,int
Insurances,Date,datetime
Insurances,BasicSalary,float
Insurances,VariableSalary,float
Insurances,InsuranceType_Id,int
Insurances,SubscriptionFee,float
Insurances,Minimum,float
Insurances,Maximum,float
Insurances,Retirementage,float
Insurances,LastModifiedDate,float
InsuranceTypes,TenantId,int
InsuranceTypes,Id,int
InsuranceTypes,ArabicName,nvarchar
InsuranceTypes,EnglishName,nvarchar
InsuranceTypes,DeductionOfBasicSalary,float
InsuranceTypes,DeductionOfVariableSalary,float
IntegrationTransactions,Id,int
IntegrationTransactions,ActivityId,int
IntegrationTransactions,TransactionType,nvarchar
IntegrationTransactions,IsOvertime,bit
IntegrationTransactions,LastReadingDate,datetime
IntegrationTransactions,TenantId,int
Investigations,TenantId,int
Investigations,Id,int
Investigations,Number,nvarchar
Investigations,Date,datetime
Investigations,Subject,nvarchar
Investigations,Result,nvarchar
Investigations,ViolationId,int
Investigators,TenantId,int
Investigators,Id,int
Investigators,InvestigationId,int
Investigators,EmployeeId,int
ItemEffects,TenantId,int
ItemEffects,Id,int
ItemEffects,ArName,nvarchar
ItemEffects,EnName,nvarchar
ItemPackages,TenantId,int
ItemPackages,Id,int
ItemPackages,ArabicName,nvarchar
ItemPackages,EnglishName,nvarchar
Items,TenantId,int
Items,Id,int
Items,Name,nvarchar
Items,DefaultValue,float
Items,MeasureUnitId,int
Items,ItemEffectId,int
Items,Code,nvarchar
Items,CalculatedBy,nvarchar
Items,ExpenseAccount,int
Items,AccrualAccount,int
Items,CostCenter,int
Items,ShowOnPaySlip,bit
JobAreaDepartments,TenantId,int
JobAreaDepartments,DepartmentId,int
JobAreaDepartments,JobAreaId,int
JobAreaKpis,TenantId,int
JobAreaKpis,KpiId,int
JobAreaKpis,JobAreaId,int
JobAreas,TenantId,int
JobAreas,Id,int
JobAreas,ArabicName,nvarchar
JobAreas,EnglishName,nvarchar
JobHistories,TenantId,int
JobHistories,Id,int
JobHistories,DecreeNo,nvarchar
JobHistories,DecreeFromDate,datetime
JobHistories,EmployeeId,int
JobHistories,DepartmentId,int
JobHistories,JobTitleId,int
JobHistories,JobTypeId,int
JobHistories,HireTypeId,int
JobHistories,SalaryGrade,nvarchar
JobHistories,DecreeToDate,datetime
JobHistories,StartDate,datetime
JobHistories,EndDate,datetime
JobHistories,ContractStartDate,datetime
JobHistories,ContractEndDate,datetime
JobHistories,Note,nvarchar
JobHistoryLogs,TenantId,int
JobHistoryLogs,Id,int
JobHistoryLogs,EmployeeId,int
JobHistoryLogs,DepartmentId,int
JobHistoryLogs,JobTitleId,int
JobHistoryLogs,JobTypeId,int
JobHistoryLogs,ActualWorkingDate,datetime
JobHistoryLogs,StartDate,datetime
JobHistoryLogs,EndDate,datetime
JobHistoryLogs,ContractStartDate,datetime
JobHistoryLogs,ContractEndDate,datetime
JobHistoryLogs,UserAction,tinyint
JobHistoryLogs,ModifiedDate,datetime
JobHistoryLogs,ModifiedBy,nvarchar
JobHistoryLogs,Note,ntext
Jobs,TenantId,int
Jobs,Id,int
Jobs,CommitteeNo,nvarchar
Jobs,CommitteeDate,datetime
Jobs,DecreeNo,nvarchar
Jobs,DecreeDate,datetime
Jobs,ContractStartDate,datetime
Jobs,ContractEndDate,datetime
Jobs,ActualWorkingDate,datetime
Jobs,RatePerHour,float
Jobs,MonthlySalary,float
Jobs,DepartmentId,int
Jobs,JobTitleId,int
Jobs,HireTypeId,int
Jobs,JobTypeId,int
Jobs,SkillId,int
Jobs,ExperienceValueId,int
Jobs,RankId,int
Jobs,VacationStartDate,datetime
Jobs,TestEndDate,datetime
Jobs,IsHead,bit
Jobs,HourlyRate,float
Jobs,ModifiedDate,datetime
Jobs,ModifiedBy,nvarchar
Jobs,Note,nvarchar
Jobs,ActualEndDate,datetime
JobTitleItemPackages,TenantId,int
JobTitleItemPackages,Id,int
JobTitleItemPackages,ItemPackageId,int
JobTitleItemPackages,JobTitleId,int
JobTitleItemPackages,DepartmentId,int
JobTitlePlans,TenantId,int
JobTitlePlans,Id,int
JobTitlePlans,PlanId,int
JobTitlePlans,JobTitleId,int
JobTitlePlans,DepartmentId,int
JobTitles,TenantId,int
JobTitles,Id,int
JobTitles,ArabicName,nvarchar
JobTitles,EnglishName,nvarchar
JobTitles,Description,nvarchar
JobTitles,Code,nvarchar
JobTitleVacationTypes,TenantId,int
JobTitleVacationTypes,Id,int
JobTitleVacationTypes,VacationTypeId,int
JobTitleVacationTypes,JobTitleId,int
JobTitleVacationTypes,DepartmentId,int
JobTypes,TenantId,int
JobTypes,Id,int
JobTypes,ArabicName,nvarchar
JobTypes,EnglishName,nvarchar
KpiCategories,TenantId,int
KpiCategories,Id,int
KpiCategories,ArabicName,nvarchar
KpiCategories,EnglishName,nvarchar
KpiCategories,Period,int
KpiCategories,IsActive,bit
KpiCategories,Description,nvarchar
KpiEvaluations,TenantId,int
KpiEvaluations,Id,int
KpiEvaluations,KpiId,int
KpiEvaluations,EvaluatorId,int
KpiEvaluations,Weight,float
KpiEvaluations,Value,float
KpiEvaluations,EmployeeAppraisalId,int
KpiEvaluations,Feedback,nvarchar
KpiEvaluations,DevPlan,nvarchar
KpiJobTitles,TenantId,int
KpiJobTitles,Id,int
KpiJobTitles,KpiId,int
KpiJobTitles,JobTitleId,int
KpiJobTitles,DepartmentId,int
KPIs,TenantId,int
KPIs,Id,int
KPIs,EnglishName,nvarchar
KPIs,ArabicName,nvarchar
KPIs,Period,int
KPIs,IsActive,bit
KPIs,JobAreaId,int
KPIs,CategoryId,int
KPIs,Type,tinyint
KPIs,Description,nvarchar
LicenseTypes,TenantId,int
LicenseTypes,Id,int
LicenseTypes,ArabicName,nvarchar
LicenseTypes,EnglishName,nvarchar
Loans,TenantId,int
Loans,Id,int
Loans,EmployeeId,int
Loans,LoanTypeId,int
Loans,Date,date
Loans,Value,float
Loans,StartDate,date
Loans,Installments,int
Loans,IsRequest,bit
Loans,IsCanceled,bit
Loans,Notes,nvarchar
Loans,JournalCode,nvarchar
Loans,RequestId,int
LoanSettings,TenantId,int
LoanSettings,Id,int
LoanSettings,ActivityId,int
LoanSkippedMonths,TenantId,int
LoanSkippedMonths,Id,int
LoanSkippedMonths,LoanId,int
LoanSkippedMonths,Month,date
LoanTypeEmployees,TenantId,int
LoanTypeEmployees,EmployeeId,int
LoanTypeEmployees,LoanTypeId,int
LoanTypes,TenantId,int
LoanTypes,Id,int
LoanTypes,ArabicName,nvarchar
LoanTypes,EnglishName,nvarchar
LoanTypes,Type,tinyint
LoanTypes,DurationBeforeDeserve,smallint
LoanTypes,MaxNoOfPayments,smallint
LoanTypes,AllowMultiple,bit
LoanTypes,Percentage,float
LoanTypes,ItemId,int
LoanTypes,ActivityId,int
LoanTypes,ExpenseAccount,int
LoanTypes,AccrualAccount,int
LoanTypes,CostCenter,int
LoanTypes,CalculateCurrentSalary,bit
Locations,TenantId,int
Locations,Id,int
Locations,ArabicName,nvarchar
Locations,EnglishName,nvarchar
Locations,Latitude,float
Locations,Longitude,float
Locations,DistanceRangeInMeters,float
Locations,TimeZoneId,varchar
MachineCommands,TenantId,int
MachineCommands,Id,int
MachineCommands,SerialNumber,nvarchar
MachineCommands,Command,nvarchar
MachineCommands,Status,tinyint
MachinePushApiSettings,TenantId,int
MachinePushApiSettings,MachineId,int
MachinePushApiSettings,Stamp,int
MachinePushApiSettings,Delay,int
MachinePushApiSettings,Encrypt,int
MachinePushApiSettings,ErrorDelay,int
MachinePushApiSettings,OpStamp,int
MachinePushApiSettings,Realtime,int
MachinePushApiSettings,TransFlag,nvarchar
MachinePushApiSettings,TransInterval,int
MachinePushApiSettings,TransTimes,nvarchar
MachinePushApiSettings,TimeZone,int
Machines,TenantId,int
Machines,Id,int
Machines,Name,nvarchar
Machines,SerialNumber,nvarchar
Machines,Stamp,int
Machines,Delay,int
Machines,Encrypt,int
Machines,ErrorDelay,int
Machines,OpStamp,int
Machines,Realtime,int
Machines,TransFlag,nvarchar
Machines,TransInterval,int
Machines,TransTimes,nvarchar
Machines,TimeZone,int
Machines,MachineUploadMethod,tinyint
Machines,UseTransactionType,bit
Machines,TransactionType,tinyint
MachineSdkSettings,TenantId,int
MachineSdkSettings,MachineId,int
MachineSdkSettings,IP,nvarchar
MachineSdkSettings,Port,int
MachineSdkSettings,Password,nvarchar
MachineSdkSettings,IsBlackAndWhite,bit
MachineSdkSettings,MachineBrand,int
ManualVacationBalances,TenantId,int
ManualVacationBalances,Id,int
ManualVacationBalances,Value,int
ManualVacationBalances,Date,datetime
ManualVacationBalances,UserName,nvarchar
ManualVacationBalances,VacationBalanceId,int
ManualVacationBalances,Type,nvarchar
MaritalStatuses,TenantId,int
MaritalStatuses,Id,int
MaritalStatuses,ArabicName,nvarchar
MaritalStatuses,EnglishName,nvarchar
MeasureUnits,TenantId,int
MeasureUnits,Id,int
MeasureUnits,ArName,nvarchar
MeasureUnits,EnName,nvarchar
MeasureUnits,MeasureUnitTypeId,int
MeasureUnitTypes,TenantId,int
MeasureUnitTypes,Id,int
MeasureUnitTypes,ArName,nvarchar
MeasureUnitTypes,EnName,nvarchar
Militaries,TenantId,int
Militaries,Id,int
Militaries,Note,nvarchar
Militaries,EndDate,datetime
Militaries,StatusDate,datetime
Militaries,MilitaryStatusId,int
Militaries,MilitaryRenewalDate,datetime
MilitaryStatus,TenantId,int
MilitaryStatus,Id,int
MilitaryStatus,ArabicName,nvarchar
MilitaryStatus,EnglishName,nvarchar
Missions,TenantId,int
Missions,Id,int
Missions,From,datetime
Missions,To,datetime
Missions,Destination,nvarchar
Missions,EmployeeId,int
Missions,IsRequest,bit
Missions,IsCanceled,bit
Missions,IsApproved,bit
Missions,Unit,tinyint
Missions,Notes,nvarchar
Missions,RequestId,int
Missions,TimeTables,varchar
Missions,ModifiedBy,nvarchar
Missions,ModifyDate,datetime
MissionTypes,TenantId,int
MissionTypes,Id,int
MissionTypes,ArabicName,nvarchar
MissionTypes,EnglishName,nvarchar
MobileAppSettings,TenantId,int
MobileAppSettings,Id,int
MobileAppSettings,ImageVerificationMode,tinyint
MobileAppSettings,LocationVerificationMode,tinyint
MobileTransactionPools,TenantId,int
MobileTransactionPools,Id,int
MobileTransactionPools,Time,datetime
MobileTransactionPools,Type,nvarchar
MobileTransactionPools,EmployeeId,int
MobileTransactionPools,IsTrusted,bit
MobileTransactionPools,Latitude,float
MobileTransactionPools,Longitude,float
MobileTransactionPools,Guid,uniqueidentifier
MobileTransactionPools,LocationId,int
MobileTransactionPools,VerificationStatus,int
MobileTransactionPools,Username,nvarchar
MobileTransactionPools,UnverfiedMasterImageUrl,nvarchar
MobileTransactionPools,IsApproved,bit
MonthlyTimeSheets,TenantId,int
MonthlyTimeSheets,Id,int
MonthlyTimeSheets,Value,float
MonthlyTimeSheets,Note,nvarchar
MonthlyTimeSheets,Date,datetime
MonthlyTimeSheets,EmployeeId,int
MonthlyTimeSheets,IsSubmitted,bit
Nationalities,TenantId,int
Nationalities,Id,int
Nationalities,ArabicName,nvarchar
Nationalities,EnglishName,nvarchar
Notifications,TenantId,int
Notifications,Id,int
Notifications,Date,datetime
Notifications,Title,nvarchar
Notifications,Details,ntext
Notifications,Notes,ntext
Notifications,EmployeeId,int
Notifications,IsCanceled,bit
Notifications,Seen,bit
Notifications,CancellationReason,nvarchar
Notifications,EmployeeActivityId,int
Notifications,Attachments,nvarchar
OracleIntegrationErrors,Id,int
OracleIntegrationErrors,TenantId,int
OracleIntegrationErrors,EntityName,int
OracleIntegrationErrors,Error,nvarchar
OracleIntegrationErrors,Date,datetime
OracleIntegrationErrors,EmployeeCode,nvarchar
OracleIntegrationErrors,IntegrationDate,datetime
OracleIntegrationErrors,TransactionCode,bigint
OracleIntegrations,TenantId,int
OracleIntegrations,Id,int
OracleIntegrations,MohrId,int
OracleIntegrations,OracleId,nvarchar
OracleIntegrations,EntityName,int
OracleIntegrations,LastModificationDate,datetime
OracleIntegrations,GroupId,nvarchar
OracleIntegrations,AssignmentId,nvarchar
OracleIntegrations,IsDeleted,bit
OracleIntegrations,IsLocked,bit
OracleIntegrationServiceLoggers,Id,int
OracleIntegrationServiceLoggers,TenantId,int
OracleIntegrationServiceLoggers,Status,bit
OracleIntegrationServiceLoggers,Username,nvarchar
OracleIntegrationServiceLoggers,Date,datetime
OracleIntegrationServices,Id,int
OracleIntegrationServices,TenantId,int
OracleIntegrationServices,ServiceStatus,bit
OrganizationSettings,TenantId,int
OrganizationSettings,Id,int
OrganizationSettings,AutoSubscriptionFee,bit
OrganizationSettings,ItemId,int
PackageItems,TenantId,int
PackageItems,Id,int
PackageItems,ItemId,int
PackageItems,EquationId,int
PackageItems,Value,float
PackageItems,ItemPackageId,int
PackageItems,ExpenseAccount,int
PackageItems,AccrualAccount,int
PackageItems,CostCenter,int
PayrollSettings,TenantId,int
PayrollSettings,Id,int
PayrollSettings,SubscriptionFeeItemId,int
PayrollSettings,ShowActivities,bit
PayrollSettings,SalaryCalculationStartDay,int
PayrollSettings,HideNetSalaryFromESS,bit
Penalties,TenantId,int
Penalties,Id,int
Penalties,ArabicName,nvarchar
Penalties,EnglishName,nvarchar
Penalties,DeductedAmount,float
PenaltyReasons,TenantId,int
PenaltyReasons,Id,int
PenaltyReasons,ArabicName,nvarchar
PenaltyReasons,EnglishName,nvarchar
Permissions,TenantId,int
Permissions,Id,int
Permissions,PermissionType,tinyint
Permissions,Date,date
Permissions,IsRequest,bit
Permissions,EmployeeId,int
Permissions,Notes,ntext
Permissions,IsCanceled,bit
Permissions,Duration,int
Permissions,From,time
Permissions,To,time
Permissions,PlanDetailId,int
Permissions,RequestId,int
Permissions,ModifiedBy,nvarchar
Permissions,ModifyDate,datetime
Permissions,FromDate,datetime
Permissions,ToDate,datetime
PermissionSettings,TenantId,int
PermissionSettings,Id,int
PermissionSettings,NumberPerMonth,tinyint
PermissionSettings,Duration,int
PermissionSettings,PermissionType,tinyint
PermissionSettings,IsAllowed,bit
PlanDetails,TenantId,int
PlanDetails,Id,int
PlanDetails,Date,datetime
PlanDetails,AttendStart,time
PlanDetails,AttendExact,time
PlanDetails,AttendEnd,time
PlanDetails,LeaveStart,time
PlanDetails,LeaveExact,time
PlanDetails,LeaveEnd,time
PlanDetails,PlanId,int
PlanDetails,TimeTableId,nvarchar
PlanDetails,IsAbsenceChecked,bit
PlanDetails,IsLeaveChecked,bit
PlanDetails,Border,time
PlanDetails,IsVacation,bit
PlanDetails,IsExtended,bit
PlanDetails,MinWorkingHours,float
PlanDetails,MaxWorkingHours,float
PlanDetails,ShiftSettingId,int
PlanDetails,MaxOvertime,float
PlanFormalVacations,TenantId,int
PlanFormalVacations,Id,int
PlanFormalVacations,PlanId,int
PlanFormalVacations,FormalVacationId,int
PlanFormalVacations,StartDate,datetime
PlanFormalVacations,EndDate,datetime
PlanFormalVacations,Title,nvarchar
Plans,TenantId,int
Plans,Id,int
Plans,Name,nvarchar
Plans,StartDate,datetime
Plans,EndDate,datetime
Plans,ShiftId,int
Plans,ModifiedDate,datetime
Plans,ModifiedBy,nvarchar
PlanShifts,TenantId,int
PlanShifts,Id,int
PlanShifts,PlanId,int
PlanShifts,ShiftId,int
PlanShifts,ShiftStartDate,datetime
PlanShifts,ShiftEndDate,datetime
ProjectEmployees,TenantId,int
ProjectEmployees,ProjectId,int
ProjectEmployees,EmployeeId,int
ProjectEmployees,HourlyRate,float
Projects,TenantId,int
Projects,Id,int
Projects,Code,nvarchar
Projects,ArabicName,nvarchar
Projects,EnglishName,nvarchar
Projects,Description,nvarchar
Projects,ManagerId,int
Projects,IsActive,bit
Projects,StartDate,datetime
Projects,EndDate,datetime
Projects,WowDeskId,int
Qualifications,TenantId,int
Qualifications,Id,int
Qualifications,Date,datetime
Qualifications,GradeId,int
Qualifications,QualificationTypeId,int
Qualifications,EmployeeId,int
QualificationTypes,TenantId,int
QualificationTypes,Id,int
QualificationTypes,ArabicName,nvarchar
QualificationTypes,EnglishName,nvarchar
Query,TenantId,int
Query,Id,int
Query,ActivityId,int
Query,Value,float
Query,ExecutionDate,datetime2
Query,Comment,ntext
Query,CreateDate,datetime2
Query,UserName,ntext
Query,EmployeeId,int
Query,SalaryItemId,int
Query,ValueToCalculate,float
Ranks,TenantId,int
Ranks,Id,int
Ranks,ArabicName,nvarchar
Ranks,EnglishName,nvarchar
Ranks,CategoryNo,int
Ranks,BasicSalary,float
Ranks,InsuranceBasicSalary,float
Ranks,InsuranceVariableSalary,float
RelationTypes,TenantId,int
RelationTypes,Id,int
RelationTypes,ArabicName,nvarchar
RelationTypes,EnglishName,nvarchar
RelationTypes,GenderId,int
Religions,TenantId,int
Religions,Id,int
Religions,ArabicName,nvarchar
Religions,EnglishName,nvarchar
ReportFooters,TenantId,int
ReportFooters,Id,int
ReportFooters,FooterId,int
ReportFooters,Report,nvarchar
RequestReviewCycles,TenantId,int
RequestReviewCycles,Id,int
RequestReviewCycles,ArabicName,nvarchar
RequestReviewCycles,EnglishName,nvarchar
RequestReviewCycles,RequestType,tinyint
RequestReviewCycles,IsDefault,bit
RequestReviewCycles,RequestedId,int
RequestReviewCycles,SingleApprovalEnabled,bit
RequestReviewers,TenantId,int
RequestReviewers,Id,int
RequestReviewers,RequestId,int
RequestReviewers,EmployeeId,int
RequestReviewers,IsApproved,bit
RequestReviewers,Reason,nvarchar
RequestReviewers,Order,tinyint
RequestReviewers,IsCurrent,bit
RequestReviewers,ModifiedDate,datetime
RequestReviewers,ModifiedBy,nvarchar
RequestReviewers,SingleApprovalEnabled,bit
Requests,TenantId,int
Requests,Id,int
Requests,Date,datetime
Requests,EmployeeId,int
Requests,RequestType,tinyint
Requests,IsApproved,bit
Requests,IsCanceled,bit
Requests,Notes,nvarchar
Requests,ModifiedDate,datetime
Requests,ModifiedBy,nvarchar
Requests,Guid,uniqueidentifier
Requests,RequestTypeId,int
Requests,Value,float
Requests,IsDelivered,bit
Requests,DeliveryNotes,nvarchar
Requests,Attachments,nvarchar
Requests,CreatedDate,datetime
Requests,RefId,int
Requests,MonthlyTimeSheet_Id,int
RequestsTypes,Id,int
RequestsTypes,arabicname,nvarchar
RequestsTypes,englishname,nvarchar
RequestTypes,TenantId,int
RequestTypes,Id,int
RequestTypes,ArabicName,nvarchar
RequestTypes,EnglishName,nvarchar
RequestTypes,Type,tinyint
RequestTypes,IsEditable,bit
RequestTypes,ActivityId,int
RequestTypes,IsEditableByEmployee,bit
RequestTypes,DefaultValue,float
Reviewers,TenantId,int
Reviewers,Id,int
Reviewers,EmployeeId,int
Reviewers,JobTitleId,int
Reviewers,DepartmentId,int
Reviewers,Boss,int
Reviewers,RequestReviewCycleId,int
Reviewers,Order,tinyint
Reviewers,RequestType,tinyint
Reviewers,RequestedId,int
Reviewers,SingleApprovalEnabled,bit
Salaries,TenantId,int
Salaries,Id,int
Salaries,EmployeeId,int
Salaries,CreateDate,datetime
Salaries,IsPaid,bit
Salaries,Month,int
Salaries,Year,int
Salaries,From,datetime
Salaries,To,datetime
Salaries,Label,nvarchar
Salaries,Value,float
Salaries,PaidAmount,float
Salaries,IsDelivered,bit
Salaries,JournalCode,nvarchar
Salaries,NeedRecalculation,bit
SalaryItems,TenantId,int
SalaryItems,Id,int
SalaryItems,ItemId,int
SalaryItems,Value,float
SalaryItems,EquationText,nvarchar
SalaryItems,SalaryId,int
SalaryItems,IsActivityItem,bit
SalaryItems,EquationName,nvarchar
SalaryItems,ExpenseAccount,int
SalaryItems,AccrualAccount,int
SalaryItems,CostCenter,int
SalaryItems,IsDelivered,bit
SalaryItems,JournalCode,nvarchar
SalarySettings,TenantId,int
SalarySettings,Id,int
SalarySettings,Type,int
SalarySettings,IsManual,bit
SalarySettings,ItemId,int
ServiceProviders,Id,int
ServiceProviders,CustomerName,nvarchar
ServiceProviders,Services,nvarchar
ServiceProviders,Country,nvarchar
ServiceProviders,Description,ntext
ServiceProviders,ImagePath,ntext
Settings,TenantId,int
Settings,Id,int
Settings,VacationServiceEnable,bit
Settings,AbsenceServiceEnable,bit
Settings,PermissionStratDay,int
Settings,AlertCalculatedFromExacttime,bit
Settings,EarlyAttend,tinyint
Settings,LateAttend,tinyint
Settings,EarlyLeave,tinyint
Settings,LateLeave,tinyint
Settings,EmailsLanguage,tinyint
Settings,CanUploadMasterImage,bit
Settings,AllowedRequestTypes,nvarchar
Settings,WorkingHoursFrom,tinyint
Settings,WorkingHoursTo,tinyint
Settings,BasicSalaryItemId,int
Settings,VariableSalaryItemId,int
Settings,AttendanceServiceEnable,bit
Settings,MobileAppEnabled,bit
Settings,ManagerPortalEnabled,bit
Settings,OkrEnabled,bit
Settings,MobileAppUserCount,int
Settings,SubscriptionFeeItemId,int
Settings,ShowActivities,bit
Settings,ModifiedBy,nvarchar
Settings,ModifiedDate,datetime
Settings,AlertCalculatedFromExacttimeDay,int
SettlementTypes,TenantId,int
SettlementTypes,Id,int
SettlementTypes,ArabicName,nvarchar
SettlementTypes,EnglishName,nvarchar
Sheet1$,Code,nvarchar
Sheet1$,Email,nvarchar
Shifts,TenantId,int
Shifts,Id,int
Shifts,Cycles,int
Shifts,StartDay,int
Shifts,ArabicName,nvarchar
Shifts,EnglishName,nvarchar
Shifts,ShiftType,int
Shifts,ShiftSettingId,int
Shifts,ShiftUnit,int
Shifts,ModifiedBy,nvarchar
Shifts,ModifiedDate,datetime
Shifts,Notes,nvarchar
ShiftSettings,TenantId,int
ShiftSettings,Id,int
ShiftSettings,ShiftType,int
ShiftSettings,CheckForAbsence,bit
ShiftSettings,WorkingHoursPerMonth,int
ShiftSettings,ActivityId,int
ShiftSettings,RaiseVacationAlerts,bit
ShiftSettings,FreeShiftTypePredicationMethod,tinyint
ShiftSettings,OverWriteEarlyLeave,bit
Skills,TenantId,int
Skills,Id,int
Skills,Value,float
Skills,Description,nvarchar
Skills,Name,nvarchar
SkinColors,TenantId,int
SkinColors,Id,int
SkinColors,ArabicName,nvarchar
SkinColors,EnglishName,nvarchar
SocialInsuranceSettings,TenantId,int
SocialInsuranceSettings,Id,int
SocialInsuranceSettings,AutoSubscriptionFee,bit
SocialInsuranceSettings,ItemId,int
Suspensions,TenantId,int
Suspensions,Id,int
Suspensions,EmployeeId,int
Suspensions,StartDate,datetime
Suspensions,EndDate,datetime
Suspensions,Reason,nvarchar
Suspensions,MobileAppDisabled,bit
Suspensions,IsCanceled,bit
Suspensions,CreatedBy,nvarchar
Suspensions,CreatedDate,datetime
Suspensions,EndedBy,nvarchar
Suspensions,EndedDate,datetime
TaskEmployees,TenantId,int
TaskEmployees,TaskId,int
TaskEmployees,EmployeeId,int
TaskEmployees,StartDate,datetime
TaskEmployees,EndDate,datetime
TaskEmployees,HourlyRate,float
Tasks,TenantId,int
Tasks,Id,int
Tasks,Code,int
Tasks,Name,nvarchar
Tasks,Description,nvarchar
Tasks,IsActive,bit
Tasks,IsPublic,bit
Tasks,StartDate,datetime
Tasks,EndDate,datetime
Tasks,ProjectId,int
Tasks,WowDeskId,int
TempEmployees,Id,int
TempEmployees,Email,nvarchar
TenantRequestTypes,Id,int
TenantRequestTypes,RequestType,tinyint
TenantRequestTypes,CustomerId,int
TenantRequestTypes,TenantId,int
Tenants,TenantId,int
Tenants,SellerName,nvarchar
Tenants,Name,nvarchar
Tenants,Status,nvarchar
Tenants,Modules,int
Tenants,ExpirationDate,datetime
Tenants,UsersNumber,int
TimeSheet,TenantId,int
TimeSheet,Id,int
TimeSheet,StartDate,datetime
TimeSheet,Duration,float
TimeSheet,TaskId,int
TimeSheet,ProjectId,int
TimeSheet,EmployeeId,int
TimeSheet,WowDeskId,int
TimeTables,TenantId,int
TimeTables,Id,int
TimeTables,AttendBegin,time
TimeTables,AttendTime,time
TimeTables,AttendEnd,time
TimeTables,LeaveBegin,time
TimeTables,LeaveTime,time
TimeTables,LeaveEnd,time
TimeTables,ShiftDay,smallint
TimeTables,ShiftId,int
TimeTables,Border,time
TimeTables,IsVacation,bit
TimeTables,IsExtended,bit
TimeTables,MinWorkingHours,float
TimeTables,TimeTableOrder,int
TimeTables,MaxWorkingHours,float
TimeTables,ModifiedBy,nvarchar
TimeTables,ModifiedDate,datetime
TimeTables,MaxOvertime,float
TransactionAlertHandlings,TenantId,int
TransactionAlertHandlings,Id,int
TransactionAlertHandlings,Date,datetime
TransactionAlertHandlings,Note,nvarchar
TransactionAlertHandlings,HandlerType,tinyint
TransactionAlertHandlings,HandlingId,int
TransactionAlertHandlings,UserId,nvarchar
TransactionAlertHandlings,TransactionAlertId,int
TransactionAlertHandlings,IsCanceled,bit
TransactionAlertHandlings,Value,float
TransactionAlerts,TenantId,int
TransactionAlerts,Id,int
TransactionAlerts,AlertType,int
TransactionAlerts,TransactionId,int
TransactionAlerts,IsHandled,bit
TransactionAlerts,Count,int
TransactionAlerts,Duration,float
TransactionAlerts,HandledDuration,float
TransactionAlerts,Handlers,varchar
TransactionAlerts,From,bigint
TransactionAlerts,To,bigint
TransactionPools,TenantId,int
TransactionPools,Id,int
TransactionPools,Code,nvarchar
TransactionPools,Time,datetime
TransactionPools,Type,nvarchar
TransactionPools,MachineName,nvarchar
TransactionPools,Username,nvarchar
TransactionPools,Reason,tinyint
Transactions,TenantId,int
Transactions,Id,int
Transactions,TransDateTime,datetime
Transactions,Type,nvarchar
Transactions,EmployeeId,int
Transactions,PlanDetailId,int
Transactions,IsManual,bit
Transactions,TimeTableId,nvarchar
Transactions,Username,nvarchar
Transactions,Tag,nvarchar
Transactions,Notes,nvarchar
Transactions,HasAlerts,bit
Transactions,IsTrusted,bit
Transactions,Latitude,float
Transactions,Longitude,float
Transactions,LocationId,int
Transactions,Source,tinyint
Transactions,CreatedDate,datetime
Transactions,ImageUrl,nvarchar
Transactions,IsSaved,bit
Transactions,MobileNotes,nvarchar
UserEmployees,TenantId,int
UserEmployees,Id,int
UserEmployees,UserName,nvarchar
UserEmployees,EmployeeId,int
UserEmployees,Module,tinyint
UserEmployees,Exclusive,bit
UserLogs,TenantId,int
UserLogs,Id,int
UserLogs,UserName,nvarchar
UserLogs,EmployeeId,int
UserLogs,UserAction,tinyint
UserLogs,EntityName,nvarchar
UserLogs,Date,datetime
UserLogs,Details,nvarchar
UserLogs,RefId,int
UserScenarios,TenantId,int
UserScenarios,Id,int
UserScenarios,ActionType,int
UserScenarios,ElementId,nvarchar
UserScenarios,ElementType,nvarchar
UserScenarios,ElementValue,nvarchar
UserScenarios,TimeStamp,datetime
UserScenarios,UserName,nvarchar
VacationBalanceLogs,TenantId,int
VacationBalanceLogs,Id,int
VacationBalanceLogs,EmployeeId,int
VacationBalanceLogs,VacationTypeId,int
VacationBalanceLogs,Balance,float
VacationBalanceLogs,Times,int
VacationBalanceLogs,Action,tinyint
VacationBalanceLogs,ModifiedBy,nvarchar
VacationBalanceLogs,ModifiedDate,datetime
VacationBalanceLogs,Reason,nvarchar
VacationBalances,TenantId,int
VacationBalances,Id,int
VacationBalances,EmployeeId,int
VacationBalances,VacationTypeId,int
VacationBalances,Balance,float
VacationBalances,Times,int
VacationBalances,LastDate,datetime
VacationBalances,ModifiedBy,nvarchar
VacationBalances,ModifiedDate,datetime
Vacations,TenantId,int
Vacations,Id,int
Vacations,FromDate,datetime
Vacations,ToDate,datetime
Vacations,Duration,float
Vacations,EmployeeId,int
Vacations,Note,nvarchar
Vacations,VacationTypeId,int
Vacations,ReviewerId,int
Vacations,ReplacementId,int
Vacations,IsCanceled,bit
Vacations,ModifiedBy,nvarchar
Vacations,ModifiedDate,datetime
Vacations,Alerts,ntext
Vacations,Notified,bit
Vacations,DocumentId,int
Vacations,RequestId,int
Vacations,Tag,nvarchar
Vacations,AnotherTypeBalance,float
Vacations,TimeTables,varchar
Vacations,ReplacementChecked,bit
VacationSettings,TenantId,int
VacationSettings,Id,int
VacationSettings,BalanceStart,int
VacationSettings,BalanceAddedEvery,int
VacationSettings,ExpiredBalanceHandling,int
VacationSettings,TransferLimit,int
VacationSettings,AfterReachLimit,int
VacationSettings,DaysTransferLimitFinal,int
VacationSettings,ExpiredItemId,int
VacationSettings,VacationOnAccount,bit
VacationSettings,DaysTransferLimit,int
VacationSettings,BalanceTransferVacationTypeId,int
VacationSettings,BalanceAddedFromVacationTypeId,int
VacationSettings,SavingVacationWay,int
VacationSettlements,TenantId,int
VacationSettlements,Id,int
VacationSettlements,Action,tinyint
VacationSettlements,Balance,float
VacationSettlements,Date,date
VacationSettlements,VacationBalanceId,int
VacationSettlements,BalanceBefore,float
VacationSettlements,BalanceTransferVacationTypeId,int
VacationSettlements,TotalBalanceBefore,float
VacationSettlements,LastDate,date
VacationTypeEmployees,TenantId,int
VacationTypeEmployees,EmployeeId,int
VacationTypeEmployees,VacationTypeId,int
VacationTypes,TenantId,int
VacationTypes,Id,int
VacationTypes,ArabicName,nvarchar
VacationTypes,EnglishName,nvarchar
VacationTypes,Balance,int
VacationTypes,Payed,int
VacationTypes,DurationBeforeDeserve,int
VacationTypes,Limit,int
VacationTypes,Type,tinyint
VacationTypes,RequiredAttachment,bit
VacationTypes,HideBalance,bit
VacationTypes,AddOfficialVacations,bit
VacationTypes,AddWeekendVacations,bit
VacationTypes,MaximumMonthsForFutureDedution,int
VacationTypes,Day,bit
VacationTypes,HalfDay,bit
VacationTypes,QuarterDay,bit
VacationTypeUpdates,TenantId,int
VacationTypeUpdates,Id,int
VacationTypeUpdates,OldVacationTypeId,int
VacationTypeUpdates,NewVacationTypeId,int
VacationTypeUpdates,ChangeOn,tinyint
VacationTypeUpdates,Years,tinyint
vanEmployees,TenantId,int
vanEmployees,Id,int
vanEmployees,ModifiedDate,datetime
vanEmployees,Email,nvarchar
vanEmployees,Active,bit
vanEmployees,UserName,nvarchar
vanEmployees,PicPath,nvarchar
vanEmployees,NationalId,nvarchar
vanEmployees,ModifiedBy,nvarchar
vanEmployees,BirthDate,datetime
vanEmployees,ArabicFirstName,nvarchar
vanEmployees,ArabicSecondName,nvarchar
vanEmployees,ArabicFamilyName,nvarchar
vanEmployees,EnglishFirstName,nvarchar
vanEmployees,EnglishSecondName,nvarchar
vanEmployees,EnglishFamilyName,nvarchar
vanEmployees,BloodGroup,nchar
vanEmployees,MaritalDate,datetime
vanEmployees,Code,nvarchar
vanEmployees,SubjectToInsurance,bit
vanEmployees,SocialId,nvarchar
vanEmployees,MaritalStatusId,int
vanEmployees,ReligionId,int
vanEmployees,GenderId,int
vanEmployees,CountryId,int
vanEmployees,ExtendedData,nvarchar
vanEmployees,Phone,nvarchar
vanEmployees,EmergencyNumber,nvarchar
vanEmployees,EmployeeBankId,int
vanEmployees,OtherReligion,nvarchar
vanEmployees,Notes,nvarchar
vanEmployees,IsTrusted,bit
vanEmployees,HasEpAccount,bit
vanEmployees,HasImage,bit
vanEmployees,ArabicName,nvarchar
vanEmployees,EnglishName,nvarchar
vanEmployees,EssPassword,nchar
vanEmployees,WowDeskId,int
vanEmployees,IsSuspended,bit
Violations,TenantId,int
Violations,Id,int
Violations,ViolationDate,datetime
Violations,Note,nvarchar
Violations,PenaltyDate,datetime
Violations,DeductedAmount,float
Violations,Applied,bit
Violations,ViolationTypeId,int
Violations,EmployeeId,int
Violations,PenaltyId,int
Violations,AppliedById,int
ViolationTypes,TenantId,int
ViolationTypes,Id,int
ViolationTypes,ArabicName,nvarchar
ViolationTypes,EnglishName,nvarchar
Weapons,TenantId,int
Weapons,Id,int
Weapons,LicenseNo,nvarchar
Weapons,Type,nvarchar
Weapons,Number,int
Weapons,LicenseStartDate,datetime
Weapons,LicenseEndDate,datetime
WearDetails,TenantId,int
WearDetails,Id,int
WearDetails,Trousers,nvarchar
WearDetails,Jacket,nvarchar
WearDetails,Shirt,nvarchar
WearDetails,shoes,nvarchar
WeightHarmonies,TenantId,int
WeightHarmonies,Id,int
WeightHarmonies,ArabicName,nvarchar
WeightHarmonies,EnglishName,nvarchar
WowDeskAccounts,TenantId,int
WowDeskAccounts,Id,int
WowDeskAccounts,ClientName,nvarchar
WowDeskAccounts,UserName,nvarchar
WowDeskAccounts,Password,nvarchar
WowDeskAccounts,Token,nvarchar
